﻿<?xml version="1.0" encoding="utf-8"?>
<ServiceManifest Name="FrontEnd_WebAppPkg"
                 Version="1.0.0"
                 xmlns="http://schemas.microsoft.com/2011/01/fabric"
                 xmlns:xsd="http://www.w3.org/2001/XMLSchema"
                 xmlns:xsi="http://www.w3.org/2001/XMLSchema-instance">
  <ServiceTypes>
    <!-- This is the name of your ServiceType.
         The UseImplicitHost attribute indicates this is a guest service. -->
    <StatelessServiceType ServiceTypeName="FrontEnd_WebAppType" UseImplicitHost="true" />
  </ServiceTypes>

  <!-- Code package is your service executable. -->
  <CodePackage Name="Code" Version="1.0.0">
    <EntryPoint>
      <!-- Follow this link for more information about deploying Windows containers to Service Fabric: https://aka.ms/sfguestcontainers -->
      <ContainerHost>
        <ImageName>devopslabacr.azurecr.io/demo-webapp:win-BuildNumber</ImageName>
      </ContainerHost>
    </EntryPoint>
    <!-- Pass environment variables to your container: -->
    <!--
    <EnvironmentVariables>
      <EnvironmentVariable Name="VariableName" Value="VariableValue"/>
    </EnvironmentVariables>
    -->
  </CodePackage>

  <!-- Config package is the contents of the Config directoy under PackageRoot that contains an 
       independently-updateable and versioned set of custom configuration settings for your service. -->
  <ConfigPackage Name="Config" Version="1.0.0" />

  <Resources>
    <Endpoints>
      <!-- This endpoint is used by the communication listener to obtain the port on which to 
           listen. Please note that if your service is partitioned, this port is shared with 
           replicas of different partitions that are placed in your code. -->
      <Endpoint Name="FrontEnd_WebAppTypeEndpoint" Port="80" />
    </Endpoints>
  </Resources>
</ServiceManifest>