{"source":2,"revision":2,"description":null,"createdBy":{"displayName":"Julien Oudot","url":"https://app.vssps.visualstudio.com/Ab8a1054d-8fb6-4aff-b4c9-018582f849ab/_apis/Identities/715434c1-1485-652f-b43c-0661a840b9fe","_links":{"avatar":{"href":"https://dev.azure.com/container-devops-lab/_apis/GraphProfile/MemberAvatars/aad.NzE1NDM0YzEtMTQ4NS03NTJmLWI0M2MtMDY2MWE4NDBiOWZl"}},"id":"715434c1-1485-652f-b43c-0661a840b9fe","uniqueName":"juoudot@microsoft.com","imageUrl":"https://dev.azure.com/container-devops-lab/_api/_common/identityImage?id=715434c1-1485-652f-b43c-0661a840b9fe","descriptor":"aad.NzE1NDM0YzEtMTQ4NS03NTJmLWI0M2MtMDY2MWE4NDBiOWZl"},"createdOn":"2018-09-25T14:00:45.697Z","modifiedBy":{"displayName":"Julien Oudot","url":"https://app.vssps.visualstudio.com/Ab8a1054d-8fb6-4aff-b4c9-018582f849ab/_apis/Identities/715434c1-1485-652f-b43c-0661a840b9fe","_links":{"avatar":{"href":"https://dev.azure.com/container-devops-lab/_apis/GraphProfile/MemberAvatars/aad.NzE1NDM0YzEtMTQ4NS03NTJmLWI0M2MtMDY2MWE4NDBiOWZl"}},"id":"715434c1-1485-652f-b43c-0661a840b9fe","uniqueName":"juoudot@microsoft.com","imageUrl":"https://dev.azure.com/container-devops-lab/_api/_common/identityImage?id=715434c1-1485-652f-b43c-0661a840b9fe","descriptor":"aad.NzE1NDM0YzEtMTQ4NS03NTJmLWI0M2MtMDY2MWE4NDBiOWZl"},"modifiedOn":"2018-09-25T14:06:51.557Z","isDeleted":false,"variables":{},"variableGroups":[],"environments":[{"id":1,"name":"Stage 1","rank":1,"owner":{"displayName":"Julien Oudot","url":"https://app.vssps.visualstudio.com/Ab8a1054d-8fb6-4aff-b4c9-018582f849ab/_apis/Identities/715434c1-1485-652f-b43c-0661a840b9fe","_links":{"avatar":{"href":"https://dev.azure.com/container-devops-lab/_apis/GraphProfile/MemberAvatars/aad.NzE1NDM0YzEtMTQ4NS03NTJmLWI0M2MtMDY2MWE4NDBiOWZl"}},"id":"715434c1-1485-652f-b43c-0661a840b9fe","uniqueName":"juoudot@microsoft.com","imageUrl":"https://dev.azure.com/container-devops-lab/_api/_common/identityImage?id=715434c1-1485-652f-b43c-0661a840b9fe","descriptor":"aad.NzE1NDM0YzEtMTQ4NS03NTJmLWI0M2MtMDY2MWE4NDBiOWZl"},"variables":{},"variableGroups":[],"preDeployApprovals":{"approvals":[{"rank":1,"isAutomated":true,"isNotificationOn":false,"id":1}],"approvalOptions":{"requiredApproverCount":0,"releaseCreatorCanBeApprover":true,"autoTriggeredAndPreviousEnvironmentApprovedCanBeSkipped":false,"enforceIdentityRevalidation":false,"timeoutInMinutes":0,"executionOrder":1}},"deployStep":{"id":2},"postDeployApprovals":{"approvals":[{"rank":1,"isAutomated":true,"isNotificationOn":false,"id":3}],"approvalOptions":{"requiredApproverCount":0,"releaseCreatorCanBeApprover":true,"autoTriggeredAndPreviousEnvironmentApprovedCanBeSkipped":false,"enforceIdentityRevalidation":false,"timeoutInMinutes":0,"executionOrder":2}},"deployPhases":[{"deploymentInput":{"parallelExecution":{"parallelExecutionType":"none"},"skipArtifactsDownload":false,"artifactsDownloadInput":{"downloadInputs":[{"artifactItems":[],"alias":"_Web Apps on Linux-CI","artifactType":"Build","artifactDownloadMode":"All"}]},"queueId":6,"demands":[],"enableAccessToken":false,"timeoutInMinutes":0,"jobCancelTimeoutInMinutes":1,"condition":"succeeded()","overrideInputs":{}},"rank":1,"phaseType":1,"name":"Agent job","workflowTasks":[{"environment":{},"taskId":"cbc316a2-586f-4def-be79-488a1f503564","version":"1.*","name":"kubectl apply webapp","refName":"","enabled":true,"alwaysRun":false,"continueOnError":false,"timeoutInMinutes":0,"definitionType":"task","overrideInputs":{},"condition":"succeeded()","inputs":{"connectionType":"Azure Resource Manager","kubernetesServiceEndpoint":"","azureSubscriptionEndpoint":"2a18c08b-b4d3-40ef-ba8e-51e33420c31d","azureResourceGroup":"k8s-aks-cluster-rg","kubernetesCluster":"aks-k8s-cluster","namespace":"","command":"apply","useConfigurationFile":"true","configuration":"$(System.DefaultWorkingDirectory)/_Web Apps on Linux-CI/frontend-webapp/frontend-webapp.yaml","arguments":"","secretType":"dockerRegistry","secretArguments":"","containerRegistryType":"Azure Container Registry","dockerRegistryEndpoint":"","azureSubscriptionEndpointForSecrets":"2a18c08b-b4d3-40ef-ba8e-51e33420c31d","azureContainerRegistry":"jodockerregistry.azurecr.io","secretName":"acr","forceUpdate":"true","configMapName":"","forceUpdateConfigMap":"false","useConfigMapFile":"false","configMapFile":"","configMapArguments":"","versionOrLocation":"version","versionSpec":"1.7.0","checkLatest":"false","specifyLocation":"","cwd":"$(System.DefaultWorkingDirectory)","outputFormat":"json"}},{"environment":{},"taskId":"cbc316a2-586f-4def-be79-488a1f503564","version":"1.*","name":"kubectl apply webapi","refName":"","enabled":true,"alwaysRun":false,"continueOnError":false,"timeoutInMinutes":0,"definitionType":"task","overrideInputs":{},"condition":"succeeded()","inputs":{"connectionType":"Azure Resource Manager","kubernetesServiceEndpoint":"","azureSubscriptionEndpoint":"2a18c08b-b4d3-40ef-ba8e-51e33420c31d","azureResourceGroup":"k8s-aks-cluster-rg","kubernetesCluster":"aks-k8s-cluster","namespace":"","command":"apply","useConfigurationFile":"true","configuration":"$(System.DefaultWorkingDirectory)/_Web Apps on Linux-CI/backend-webapi/backend-webapi.yaml","arguments":"","secretType":"dockerRegistry","secretArguments":"","containerRegistryType":"Azure Container Registry","dockerRegistryEndpoint":"","azureSubscriptionEndpointForSecrets":"","azureContainerRegistry":"","secretName":"","forceUpdate":"true","configMapName":"","forceUpdateConfigMap":"false","useConfigMapFile":"false","configMapFile":"","configMapArguments":"","versionOrLocation":"version","versionSpec":"1.7.0","checkLatest":"false","specifyLocation":"","cwd":"$(System.DefaultWorkingDirectory)","outputFormat":"json"}}]}],"environmentOptions":{"emailNotificationType":"OnlyOnFailure","emailRecipients":"release.environment.owner;release.creator","skipArtifactsDownload":false,"timeoutInMinutes":0,"enableAccessToken":false,"publishDeploymentStatus":true,"badgeEnabled":false,"autoLinkWorkItems":false,"pullRequestDeploymentEnabled":false},"demands":[],"conditions":[{"name":"ReleaseStarted","conditionType":1,"value":""}],"executionPolicy":{"concurrencyCount":1,"queueDepthCount":0},"schedules":[],"currentRelease":{"id":2,"url":"https://vsrm.dev.azure.com/container-devops-lab/2d4ac64c-fb2f-40b9-95fd-f42d97e345eb/_apis/Release/releases/2","_links":{}},"retentionPolicy":{"daysToKeep":30,"releasesToKeep":3,"retainBuild":true},"processParameters":{},"properties":{},"preDeploymentGates":{"id":0,"gatesOptions":null,"gates":[]},"postDeploymentGates":{"id":0,"gatesOptions":null,"gates":[]},"environmentTriggers":[],"badgeUrl":"https://vsrm.dev.azure.com/container-devops-lab/_apis/public/Release/badge/2d4ac64c-fb2f-40b9-95fd-f42d97e345eb/1/1"}],"artifacts":[{"sourceId":"2d4ac64c-fb2f-40b9-95fd-f42d97e345eb:1","type":"Build","alias":"_Web Apps on Linux-CI","definitionReference":{"artifactSourceDefinitionUrl":{"id":"https://dev.azure.com/container-devops-lab/_permalink/_build/index?collectionId=26d0a2c8-998b-40a8-86fa-9afe9bb4460a&projectId=2d4ac64c-fb2f-40b9-95fd-f42d97e345eb&definitionId=1","name":""},"defaultVersionBranch":{"id":"","name":""},"defaultVersionSpecific":{"id":"","name":""},"defaultVersionTags":{"id":"","name":""},"defaultVersionType":{"id":"latestType","name":"Latest"},"definition":{"id":"1","name":"Web Apps on Linux-CI"},"project":{"id":"2d4ac64c-fb2f-40b9-95fd-f42d97e345eb","name":"FirstProject"}},"isPrimary":true,"isRetained":false}],"triggers":[],"releaseNameFormat":"Release-$(rev:r)","tags":[],"properties":{"DefinitionCreationSource":{"$type":"System.String","$value":"Other"}},"id":1,"name":"AKS - Release","path":"\\","projectReference":null,"url":"https://vsrm.dev.azure.com/container-devops-lab/2d4ac64c-fb2f-40b9-95fd-f42d97e345eb/_apis/Release/definitions/1","_links":{"self":{"href":"https://vsrm.dev.azure.com/container-devops-lab/2d4ac64c-fb2f-40b9-95fd-f42d97e345eb/_apis/Release/definitions/1"},"web":{"href":"https://dev.azure.com/container-devops-lab/2d4ac64c-fb2f-40b9-95fd-f42d97e345eb/_release?definitionId=1"}}}