{"source":2,"revision":2,"description":null,"createdBy":{"displayName":"Julien Oudot","url":"https://spsprodcus1.vssps.visualstudio.com/A5ce8d11f-4030-4f8b-bb45-0e42ef1f4979/_apis/Identities/cc5f71e5-a0e3-6b25-8775-a22c0498a4ba","_links":{"avatar":{"href":"https://dev.azure.com/container-labs1119/_apis/GraphProfile/MemberAvatars/msa.Y2M1ZjcxZTUtYTBlMy03YjI1LTg3NzUtYTIyYzA0OThhNGJh"}},"id":"cc5f71e5-a0e3-6b25-8775-a22c0498a4ba","uniqueName":"juoudot@outlook.com","imageUrl":"https://dev.azure.com/container-labs1119/_apis/GraphProfile/MemberAvatars/msa.Y2M1ZjcxZTUtYTBlMy03YjI1LTg3NzUtYTIyYzA0OThhNGJh","descriptor":"msa.Y2M1ZjcxZTUtYTBlMy03YjI1LTg3NzUtYTIyYzA0OThhNGJh"},"createdOn":"2019-11-08T15:52:17.577Z","modifiedBy":{"displayName":"Julien Oudot","url":"https://spsprodcus1.vssps.visualstudio.com/A5ce8d11f-4030-4f8b-bb45-0e42ef1f4979/_apis/Identities/cc5f71e5-a0e3-6b25-8775-a22c0498a4ba","_links":{"avatar":{"href":"https://dev.azure.com/container-labs1119/_apis/GraphProfile/MemberAvatars/msa.Y2M1ZjcxZTUtYTBlMy03YjI1LTg3NzUtYTIyYzA0OThhNGJh"}},"id":"cc5f71e5-a0e3-6b25-8775-a22c0498a4ba","uniqueName":"juoudot@outlook.com","imageUrl":"https://dev.azure.com/container-labs1119/_apis/GraphProfile/MemberAvatars/msa.Y2M1ZjcxZTUtYTBlMy03YjI1LTg3NzUtYTIyYzA0OThhNGJh","descriptor":"msa.Y2M1ZjcxZTUtYTBlMy03YjI1LTg3NzUtYTIyYzA0OThhNGJh"},"modifiedOn":"2019-11-08T15:57:56.773Z","isDeleted":false,"lastRelease":{"id":1,"name":"Release-1","artifacts":[],"_links":{},"description":"","releaseDefinition":{"id":2,"projectReference":null,"_links":{}},"createdOn":"2019-11-08T15:52:36.290Z","createdBy":{"displayName":"Julien Oudot","url":"https://spsprodcus1.vssps.visualstudio.com/A5ce8d11f-4030-4f8b-bb45-0e42ef1f4979/_apis/Identities/cc5f71e5-a0e3-6b25-8775-a22c0498a4ba","_links":{"avatar":{"href":"https://dev.azure.com/container-labs1119/_apis/GraphProfile/MemberAvatars/msa.Y2M1ZjcxZTUtYTBlMy03YjI1LTg3NzUtYTIyYzA0OThhNGJh"}},"id":"cc5f71e5-a0e3-6b25-8775-a22c0498a4ba","uniqueName":"juoudot@outlook.com","imageUrl":"https://dev.azure.com/container-labs1119/_apis/GraphProfile/MemberAvatars/msa.Y2M1ZjcxZTUtYTBlMy03YjI1LTg3NzUtYTIyYzA0OThhNGJh","descriptor":"msa.Y2M1ZjcxZTUtYTBlMy03YjI1LTg3NzUtYTIyYzA0OThhNGJh"}},"variables":{},"variableGroups":[],"environments":[{"id":2,"name":"Stage 1","rank":1,"owner":{"displayName":"Julien Oudot","url":"https://spsprodcus1.vssps.visualstudio.com/A5ce8d11f-4030-4f8b-bb45-0e42ef1f4979/_apis/Identities/cc5f71e5-a0e3-6b25-8775-a22c0498a4ba","_links":{"avatar":{"href":"https://dev.azure.com/container-labs1119/_apis/GraphProfile/MemberAvatars/msa.Y2M1ZjcxZTUtYTBlMy03YjI1LTg3NzUtYTIyYzA0OThhNGJh"}},"id":"cc5f71e5-a0e3-6b25-8775-a22c0498a4ba","uniqueName":"juoudot@outlook.com","imageUrl":"https://dev.azure.com/container-labs1119/_apis/GraphProfile/MemberAvatars/msa.Y2M1ZjcxZTUtYTBlMy03YjI1LTg3NzUtYTIyYzA0OThhNGJh","descriptor":"msa.Y2M1ZjcxZTUtYTBlMy03YjI1LTg3NzUtYTIyYzA0OThhNGJh"},"variables":{},"variableGroups":[],"preDeployApprovals":{"approvals":[{"rank":1,"isAutomated":true,"isNotificationOn":false,"id":4}],"approvalOptions":{"requiredApproverCount":null,"releaseCreatorCanBeApprover":false,"autoTriggeredAndPreviousEnvironmentApprovedCanBeSkipped":false,"enforceIdentityRevalidation":false,"timeoutInMinutes":0,"executionOrder":1}},"deployStep":{"id":5},"postDeployApprovals":{"approvals":[{"rank":1,"isAutomated":true,"isNotificationOn":false,"id":6}],"approvalOptions":{"requiredApproverCount":null,"releaseCreatorCanBeApprover":false,"autoTriggeredAndPreviousEnvironmentApprovedCanBeSkipped":false,"enforceIdentityRevalidation":false,"timeoutInMinutes":0,"executionOrder":2}},"deployPhases":[{"deploymentInput":{"parallelExecution":{"parallelExecutionType":0},"agentSpecification":{"identifier":"vs2017-win2016"},"skipArtifactsDownload":false,"artifactsDownloadInput":{"downloadInputs":[]},"queueId":9,"demands":[],"enableAccessToken":false,"timeoutInMinutes":0,"jobCancelTimeoutInMinutes":1,"condition":"succeeded()","overrideInputs":{}},"rank":1,"phaseType":1,"name":"Agent job","refName":null,"workflowTasks":[{"environment":{},"taskId":"c6650aa0-185b-11e6-a47d-df93e7a34c64","version":"1.*","name":"Deploy Service Fabric Application","refName":"","enabled":true,"alwaysRun":false,"continueOnError":false,"timeoutInMinutes":0,"definitionType":null,"overrideInputs":{},"condition":"succeeded()","inputs":{"applicationPackagePath":"$(Parameters.applicationPackagePath)","serviceConnectionName":"$(Parameters.serviceConnectionName)","publishProfilePath":"$(system.defaultworkingdirectory)/**/drop/projectartifacts/**/PublishProfiles/Cloud.xml","applicationParameterPath":"$(System.DefaultWorkingDirectory)/_Web Apps on Windows-CI/drop/ApplicationParameters/Cloud.xml","overrideApplicationParameter":"false","compressPackage":"true","copyPackageTimeoutSec":"","registerPackageTimeoutSec":"","overwriteBehavior":"Always","skipUpgradeSameTypeAndVersion":"true","skipPackageValidation":"false","useDiffPackage":"true","overridePublishProfileSettings":"true","isUpgrade":"true","unregisterUnusedVersions":"true","upgradeMode":"Monitored","FailureAction":"Rollback","UpgradeReplicaSetCheckTimeoutSec":"","TimeoutSec":"","ForceRestart":"false","HealthCheckRetryTimeoutSec":"","HealthCheckWaitDurationSec":"","HealthCheckStableDurationSec":"","UpgradeDomainTimeoutSec":"","ConsiderWarningAsError":"false","DefaultServiceTypeHealthPolicy":"","MaxPercentUnhealthyDeployedApplications":"","UpgradeTimeoutSec":"","ServiceTypeHealthPolicyMap":"","configureDockerSettings":"true","registryCredentials":"AzureResourceManagerEndpoint","dockerRegistryEndpoint":"","azureSubscriptionEndpoint":"aaf5cd83-0a7a-48d2-b0a9-f767e93aa174","registryUserName":"joudotDevopsLab","registryPassword":"7qNrptde6oMp5oahIrulODFesPJ=SfF/","passwordEncrypted":"false"}}]}],"environmentOptions":{"emailNotificationType":"OnlyOnFailure","emailRecipients":"release.environment.owner;release.creator","skipArtifactsDownload":false,"timeoutInMinutes":0,"enableAccessToken":false,"publishDeploymentStatus":true,"badgeEnabled":false,"autoLinkWorkItems":false,"pullRequestDeploymentEnabled":false},"demands":[],"conditions":[{"name":"ReleaseStarted","conditionType":1,"value":""}],"executionPolicy":{"concurrencyCount":1,"queueDepthCount":0},"schedules":[],"currentRelease":{"id":1,"url":"https://vsrm.dev.azure.com/container-labs1119/d333d64f-b423-4225-aaf1-d57e0130f606/_apis/Release/releases/1","_links":{}},"retentionPolicy":{"daysToKeep":30,"releasesToKeep":3,"retainBuild":true},"processParameters":{"inputs":[{"aliases":[],"options":{},"properties":{},"name":"applicationPackagePath","label":"Application package","defaultValue":"$(System.DefaultWorkingDirectory)/_Web Apps on Windows-CI/drop/ApplicationPackageRoot","required":true,"type":"filePath","helpMarkDown":"Path to the application package that is to be deployed. [Variables](https://go.microsoft.com/fwlink/?LinkID=550988) and wildcards can be used in the path.","visibleRule":"","groupName":""},{"aliases":[],"options":{},"properties":{},"name":"serviceConnectionName","label":"Cluster connection","defaultValue":"b0d0bd20-4110-47de-a2d5-d0382f8fe74f","required":true,"type":"connectedService:servicefabric","helpMarkDown":"Select an Azure Service Fabric service connection to be used to connect to the cluster. The settings defined in this referenced service connection will override those defined in the publish profile. Choose 'Manage' to register a new service connection.","visibleRule":"","groupName":""}]},"properties":{"LinkBoardsWorkItems":{"$type":"System.String","$value":"False"}},"preDeploymentGates":{"id":0,"gatesOptions":null,"gates":[]},"postDeploymentGates":{"id":0,"gatesOptions":null,"gates":[]},"environmentTriggers":[],"badgeUrl":"https://vsrm.dev.azure.com/container-labs1119/_apis/public/Release/badge/d333d64f-b423-4225-aaf1-d57e0130f606/2/2"}],"artifacts":[{"sourceId":"d333d64f-b423-4225-aaf1-d57e0130f606:2","type":"Build","alias":"_Web Apps on Windows-CI","definitionReference":{"artifactSourceDefinitionUrl":{"id":"https://dev.azure.com/container-labs1119/_permalink/_build/index?collectionId=c4800a14-b82d-47ab-ac49-4bdcd63dee23&projectId=d333d64f-b423-4225-aaf1-d57e0130f606&definitionId=2","name":""},"defaultVersionBranch":{"id":"","name":""},"defaultVersionSpecific":{"id":"","name":""},"defaultVersionTags":{"id":"","name":""},"defaultVersionType":{"id":"latestType","name":"Latest"},"definition":{"id":"2","name":"Web Apps on Windows-CI"},"definitions":{"id":"","name":""},"IsMultiDefinitionType":{"id":"False","name":"False"},"project":{"id":"d333d64f-b423-4225-aaf1-d57e0130f606","name":"FirstProject"},"repository":{"id":"","name":""}},"isPrimary":true,"isRetained":false}],"triggers":[],"releaseNameFormat":"Release-$(rev:r)","tags":[],"properties":{"DefinitionCreationSource":{"$type":"System.String","$value":"ReleaseImport"},"IntegrateBoardsWorkItems":{"$type":"System.String","$value":"False"},"IntegrateJiraWorkItems":{"$type":"System.String","$value":"false"}},"id":2,"name":"SF - Release-CD","path":"\\","projectReference":null,"url":"https://vsrm.dev.azure.com/container-labs1119/d333d64f-b423-4225-aaf1-d57e0130f606/_apis/Release/definitions/2","_links":{"self":{"href":"https://vsrm.dev.azure.com/container-labs1119/d333d64f-b423-4225-aaf1-d57e0130f606/_apis/Release/definitions/2"},"web":{"href":"https://dev.azure.com/container-labs1119/d333d64f-b423-4225-aaf1-d57e0130f606/_release?definitionId=2"}}}