{"options":[{"enabled":false,"definition":{"id":"5d58cc01-7c75-450c-be18-a388ddb129ec"},"inputs":{"branchFilters":"[\"+refs/heads/*\"]","additionalFields":"{}"}},{"enabled":false,"definition":{"id":"a9db38f9-9fdc-478c-b0f9-464221e58316"},"inputs":{"workItemType":"154360","assignToRequestor":"true","additionalFields":"{}"}}],"variables":{"system.debug":{"value":"false","allowOverride":true}},"properties":{},"tags":[],"_links":{"self":{"href":"https://dev.azure.com/container-labs1119/d333d64f-b423-4225-aaf1-d57e0130f606/_apis/build/Definitions/2?revision=1"},"web":{"href":"https://dev.azure.com/container-labs1119/d333d64f-b423-4225-aaf1-d57e0130f606/_build/definition?definitionId=2"},"editor":{"href":"https://dev.azure.com/container-labs1119/d333d64f-b423-4225-aaf1-d57e0130f606/_build/designer?id=2&_a=edit-build-definition"},"badge":{"href":"https://dev.azure.com/container-labs1119/d333d64f-b423-4225-aaf1-d57e0130f606/_apis/build/status/2"}},"jobAuthorizationScope":1,"jobTimeoutInMinutes":60,"jobCancelTimeoutInMinutes":5,"process":{"phases":[{"steps":[{"environment":{},"enabled":true,"continueOnError":false,"alwaysRun":false,"displayName":"Build and Push WebAPI Image","timeoutInMinutes":0,"condition":"succeeded()","task":{"id":"e28912f1-0114-4464-802a-a3a35437fd16","versionSpec":"2.*","definitionType":"task"},"inputs":{"containerRegistry":"d1590a27-bb4a-4c33-be71-d638f28892d5","repository":"demo-webapi","command":"buildAndPush","Dockerfile":"mywebapi/Dockerfile.Windows","buildContext":"mywebapi","tags":"win-$(Build.BuildId)","arguments":"","addPipelineData":"true"}},{"environment":{},"enabled":true,"continueOnError":false,"alwaysRun":false,"displayName":"Build and Push WebApp Image","timeoutInMinutes":0,"condition":"succeeded()","task":{"id":"e28912f1-0114-4464-802a-a3a35437fd16","versionSpec":"2.*","definitionType":"task"},"inputs":{"containerRegistry":"d1590a27-bb4a-4c33-be71-d638f28892d5","repository":"demo-webapp","command":"buildAndPush","Dockerfile":"mywebapp/Dockerfile.Windows","buildContext":"mywebapp","tags":"win-$(Build.BuildId)","arguments":"","addPipelineData":"true"}},{"environment":{},"enabled":true,"continueOnError":false,"alwaysRun":false,"displayName":"Replace build number in WebApi ServiceManifest.xml","timeoutInMinutes":0,"condition":"succeeded()","task":{"id":"e213ff0f-5d5c-4791-802d-52ea3e7be1f1","versionSpec":"2.*","definitionType":"task"},"inputs":{"targetType":"inline","filePath":"","arguments":"","script":"(Get-Content .\\ServiceFabric\\SFCoreApp\\ApplicationPackageRoot\\BackEnd_WebAPIPkg\\ServiceManifest.xml) -Replace 'BuildNumber', '$(Build.BuildId)' | Set-Content .\\ServiceFabric\\SFCoreApp\\ApplicationPackageRoot\\BackEnd_WebAPIPkg\\ServiceManifest.xml","errorActionPreference":"stop","failOnStderr":"false","ignoreLASTEXITCODE":"false","pwsh":"false","workingDirectory":""}},{"environment":{},"enabled":true,"continueOnError":false,"alwaysRun":false,"displayName":"Replace build number in WebApp ServiceManifest.xml","timeoutInMinutes":0,"condition":"succeeded()","task":{"id":"e213ff0f-5d5c-4791-802d-52ea3e7be1f1","versionSpec":"2.*","definitionType":"task"},"inputs":{"targetType":"inline","filePath":"","arguments":"","script":"(Get-Content .\\ServiceFabric\\SFCoreApp\\ApplicationPackageRoot\\FrontEnd_WebAppPkg\\ServiceManifest.xml) -Replace 'BuildNumber', '$(Build.BuildId)' | Set-Content .\\ServiceFabric\\SFCoreApp\\ApplicationPackageRoot\\FrontEnd_WebAppPkg\\ServiceManifest.xml","errorActionPreference":"stop","failOnStderr":"false","ignoreLASTEXITCODE":"false","pwsh":"false","workingDirectory":""}},{"environment":{},"enabled":true,"continueOnError":false,"alwaysRun":false,"displayName":"Publish Artifact: drop","timeoutInMinutes":0,"condition":"succeeded()","task":{"id":"2ff763a7-ce83-4e1f-bc89-0ae63477cebe","versionSpec":"1.*","definitionType":"task"},"inputs":{"PathtoPublish":"ServiceFabric/SFCoreApp","ArtifactName":"drop","ArtifactType":"Container","TargetPath":"","Parallel":"false","ParallelCount":"8","FileCopyOptions":""}}],"name":"Agent job 1","refName":"Phase_1","condition":"succeeded()","target":{"executionOptions":{"type":0},"allowScriptsAuthAccessOption":false,"type":1},"jobAuthorizationScope":1,"jobCancelTimeoutInMinutes":1}],"target":{"agentSpecification":{"identifier":"windows-2019"}},"type":1},"repository":{"properties":{"cleanOptions":"0","labelSources":"0","labelSourcesFormat":"$(build.buildNumber)","reportBuildStatus":"true","gitLfsSupport":"false","skipSyncSource":"false","checkoutNestedSubmodules":"false","fetchDepth":"0"},"id":"fa1e4dbd-58ea-4c3d-8c25-b9e28a443bd9","type":"TfsGit","name":"FirstProject","url":"https://dev.azure.com/container-labs1119/FirstProject/_git/FirstProject","defaultBranch":"refs/heads/master","clean":"false","checkoutSubmodules":false},"processParameters":{},"quality":1,"authoredBy":{"displayName":"Julien Oudot","url":"https://spsprodcus1.vssps.visualstudio.com/A5ce8d11f-4030-4f8b-bb45-0e42ef1f4979/_apis/Identities/cc5f71e5-a0e3-6b25-8775-a22c0498a4ba","_links":{"avatar":{"href":"https://dev.azure.com/container-labs1119/_apis/GraphProfile/MemberAvatars/msa.Y2M1ZjcxZTUtYTBlMy03YjI1LTg3NzUtYTIyYzA0OThhNGJh"}},"id":"cc5f71e5-a0e3-6b25-8775-a22c0498a4ba","uniqueName":"juoudot@outlook.com","imageUrl":"https://dev.azure.com/container-labs1119/_apis/GraphProfile/MemberAvatars/msa.Y2M1ZjcxZTUtYTBlMy03YjI1LTg3NzUtYTIyYzA0OThhNGJh","descriptor":"msa.Y2M1ZjcxZTUtYTBlMy03YjI1LTg3NzUtYTIyYzA0OThhNGJh"},"drafts":[],"queue":{"_links":{"self":{"href":"https://dev.azure.com/container-labs1119/_apis/build/Queues/9"}},"id":9,"name":"Azure Pipelines","url":"https://dev.azure.com/container-labs1119/_apis/build/Queues/9","pool":{"id":9,"name":"Azure Pipelines","isHosted":true}},"id":2,"name":"Web Apps on Windows-CI","url":"https://dev.azure.com/container-labs1119/d333d64f-b423-4225-aaf1-d57e0130f606/_apis/build/Definitions/2?revision=1","uri":"vstfs:///Build/Definition/2","path":"\\","type":2,"queueStatus":0,"revision":1,"createdDate":"2019-11-08T15:37:27.927Z","project":{"id":"d333d64f-b423-4225-aaf1-d57e0130f606","name":"FirstProject","url":"https://dev.azure.com/container-labs1119/_apis/projects/d333d64f-b423-4225-aaf1-d57e0130f606","state":1,"revision":12,"visibility":0,"lastUpdateTime":"2019-11-08T14:53:00.573Z"}}